beta,observation_percentage,noise_mode,noise_rate,trials,accuracy,mean_true_goal_rank,std_true_goal_rank,mean_true_goal_probability,std_true_goal_probability,mean_noisy_observation_length,mean_dropped_actions,mean_corrupted_actions,mean_inserted_actions,accuracy_ci95_low,accuracy_ci95_high,accuracy_ci95_half_width
0.1,0.25,corrupt,0.1,50,0.24,2.6,1.124858267715973,0.1696157130110738,0.11758512526883723,3.62,0.84,0.64,0.0,0.12161859605495463,0.35838140394504536,0.11838140394504537
0.25,0.25,corrupt,0.1,50,0.24,2.6,1.124858267715973,0.16900551914708056,0.11740291591964239,3.62,0.84,0.64,0.0,0.12161859605495463,0.35838140394504536,0.11838140394504537
0.5,0.25,corrupt,0.1,50,0.24,2.6,1.124858267715973,0.16790677511215113,0.11742243736918936,3.62,0.84,0.64,0.0,0.12161859605495463,0.35838140394504536,0.11838140394504537
1.0,0.25,corrupt,0.1,50,0.24,2.6,1.124858267715973,0.16549266227162657,0.11834543837908218,3.62,0.84,0.64,0.0,0.12161859605495463,0.35838140394504536,0.11838140394504537
2.0,0.25,corrupt,0.1,50,0.24,2.6,1.124858267715973,0.1607753081154481,0.1220489515459052,3.62,0.84,0.64,0.0,0.12161859605495463,0.35838140394504536,0.11838140394504537
5.0,0.25,corrupt,0.1,50,0.24,2.6,1.124858267715973,0.1553962667469302,0.12873615900812252,3.62,0.84,0.64,0.0,0.12161859605495463,0.35838140394504536,0.11838140394504537
10.0,0.25,corrupt,0.1,50,0.24,2.6,1.124858267715973,0.15500272362482861,0.12932564770362165,3.62,0.84,0.64,0.0,0.12161859605495463,0.35838140394504536,0.11838140394504537
0.1,0.25,corrupt,0.2,50,0.24,2.58,1.1264899430695041,0.17475005216780942,0.11568423780650218,3.66,0.8,0.92,0.0,0.12161859605495463,0.35838140394504536,0.11838140394504537
0.25,0.25,corrupt,0.2,50,0.24,2.58,1.1264899430695041,0.17437582197052304,0.11606175651608339,3.66,0.8,0.92,0.0,0.12161859605495463,0.35838140394504536,0.11838140394504537
0.5,0.25,corrupt,0.2,50,0.24,2.58,1.1264899430695041,0.17375676274429316,0.1177840347744206,3.66,0.8,0.92,0.0,0.12161859605495463,0.35838140394504536,0.11838140394504537
1.0,0.25,corrupt,0.2,50,0.24,2.58,1.1264899430695041,0.17255909924102908,0.12467501603945785,3.66,0.8,0.92,0.0,0.12161859605495463,0.35838140394504536,0.11838140394504537
2.0,0.25,corrupt,0.2,50,0.24,2.58,1.1264899430695041,0.17054619959168268,0.14557913606216574,3.66,0.8,0.92,0.0,0.12161859605495463,0.35838140394504536,0.11838140394504537
5.0,0.25,corrupt,0.2,50,0.24,2.58,1.1264899430695041,0.16848036191031482,0.17683367006781398,3.66,0.8,0.92,0.0,0.12161859605495463,0.35838140394504536,0.11838140394504537
10.0,0.25,corrupt,0.2,50,0.24,2.58,1.1264899430695041,0.16833434209548226,0.17933800429694588,3.66,0.8,0.92,0.0,0.12161859605495463,0.35838140394504536,0.11838140394504537
0.1,0.25,corrupt,0.3,50,0.3,2.48,1.1647895491794003,0.1854998956643811,0.11124538309419293,3.18,1.28,1.34,0.0,0.17297748231120594,0.42702251768879407,0.12702251768879408
0.25,0.25,corrupt,0.3,50,0.3,2.48,1.1647895491794003,0.18624835605895393,0.11263315223061987,3.18,1.28,1.34,0.0,0.17297748231120594,0.42702251768879407,0.12702251768879408
0.5,0.25,corrupt,0.3,50,0.3,2.48,1.1647895491794003,0.18748647451141365,0.11683753203417313,3.18,1.28,1.34,0.0,0.17297748231120594,0.42702251768879407,0.12702251768879408
1.0,0.25,corrupt,0.3,50,0.3,2.48,1.1647895491794003,0.18988180151794182,0.13205508580378908,3.18,1.28,1.34,0.0,0.17297748231120594,0.42702251768879407,0.12702251768879408
2.0,0.25,corrupt,0.3,50,0.3,2.48,1.1647895491794003,0.19390760081663466,0.1764389619464302,3.18,1.28,1.34,0.0,0.17297748231120594,0.42702251768879407,0.12702251768879408
5.0,0.25,corrupt,0.3,50,0.3,2.48,1.1647895491794003,0.19803927617937034,0.23849864972657536,3.18,1.28,1.34,0.0,0.17297748231120594,0.42702251768879407,0.12702251768879408
10.0,0.25,corrupt,0.3,50,0.3,2.48,1.1647895491794003,0.19833131580903549,0.24329608158691673,3.18,1.28,1.34,0.0,0.17297748231120594,0.42702251768879407,0.12702251768879408
0.1,0.25,missing,0.1,50,0.26,2.52,1.129204162592543,0.13,0.1261680123761121,3.2,1.26,0.0,0.0,0.13841679063291676,0.38158320936708323,0.12158320936708324
0.25,0.25,missing,0.1,50,0.26,2.52,1.129204162592543,0.13,0.1261680123761121,3.2,1.26,0.0,0.0,0.13841679063291676,0.38158320936708323,0.12158320936708324
0.5,0.25,missing,0.1,50,0.26,2.52,1.129204162592543,0.13,0.1261680123761121,3.2,1.26,0.0,0.0,0.13841679063291676,0.38158320936708323,0.12158320936708324
1.0,0.25,missing,0.1,50,0.26,2.52,1.129204162592543,0.13,0.1261680123761121,3.2,1.26,0.0,0.0,0.13841679063291676,0.38158320936708323,0.12158320936708324
2.0,0.25,missing,0.1,50,0.26,2.52,1.129204162592543,0.13,0.1261680123761121,3.2,1.26,0.0,0.0,0.13841679063291676,0.38158320936708323,0.12158320936708324
5.0,0.25,missing,0.1,50,0.26,2.52,1.129204162592543,0.13,0.1261680123761121,3.2,1.26,0.0,0.0,0.13841679063291676,0.38158320936708323,0.12158320936708324
10.0,0.25,missing,0.1,50,0.26,2.52,1.129204162592543,0.13,0.1261680123761121,3.2,1.26,0.0,0.0,0.13841679063291676,0.38158320936708323,0.12158320936708324
0.1,0.25,missing,0.2,50,0.26,2.52,1.129204162592543,0.165,0.1196295301746016,2.84,1.62,0.0,0.0,0.13841679063291676,0.38158320936708323,0.12158320936708324
0.25,0.25,missing,0.2,50,0.26,2.52,1.129204162592543,0.165,0.1196295301746016,2.84,1.62,0.0,0.0,0.13841679063291676,0.38158320936708323,0.12158320936708324
0.5,0.25,missing,0.2,50,0.26,2.52,1.129204162592543,0.165,0.1196295301746016,2.84,1.62,0.0,0.0,0.13841679063291676,0.38158320936708323,0.12158320936708324
1.0,0.25,missing,0.2,50,0.26,2.52,1.129204162592543,0.165,0.1196295301746016,2.84,1.62,0.0,0.0,0.13841679063291676,0.38158320936708323,0.12158320936708324
2.0,0.25,missing,0.2,50,0.26,2.52,1.129204162592543,0.165,0.1196295301746016,2.84,1.62,0.0,0.0,0.13841679063291676,0.38158320936708323,0.12158320936708324
5.0,0.25,missing,0.2,50,0.26,2.52,1.129204162592543,0.165,0.1196295301746016,2.84,1.62,0.0,0.0,0.13841679063291676,0.38158320936708323,0.12158320936708324
10.0,0.25,missing,0.2,50,0.26,2.52,1.129204162592543,0.165,0.1196295301746016,2.84,1.62,0.0,0.0,0.13841679063291676,0.38158320936708323,0.12158320936708324
0.1,0.25,missing,0.3,50,0.26,2.52,1.129204162592543,0.185,0.110771874423363,1.56,2.9,0.0,0.0,0.13841679063291676,0.38158320936708323,0.12158320936708324
0.25,0.25,missing,0.3,50,0.26,2.52,1.129204162592543,0.185,0.110771874423363,1.56,2.9,0.0,0.0,0.13841679063291676,0.38158320936708323,0.12158320936708324
0.5,0.25,missing,0.3,50,0.26,2.52,1.129204162592543,0.185,0.110771874423363,1.56,2.9,0.0,0.0,0.13841679063291676,0.38158320936708323,0.12158320936708324
1.0,0.25,missing,0.3,50,0.26,2.52,1.129204162592543,0.185,0.110771874423363,1.56,2.9,0.0,0.0,0.13841679063291676,0.38158320936708323,0.12158320936708324
2.0,0.25,missing,0.3,50,0.26,2.52,1.129204162592543,0.185,0.110771874423363,1.56,2.9,0.0,0.0,0.13841679063291676,0.38158320936708323,0.12158320936708324
5.0,0.25,missing,0.3,50,0.26,2.52,1.129204162592543,0.185,0.110771874423363,1.56,2.9,0.0,0.0,0.13841679063291676,0.38158320936708323,0.12158320936708324
10.0,0.25,missing,0.3,50,0.26,2.52,1.129204162592543,0.185,0.110771874423363,1.56,2.9,0.0,0.0,0.13841679063291676,0.38158320936708323,0.12158320936708324
0.1,0.25,mixed,0.1,50,0.24,2.52,1.1109841197270618,0.16500624349376025,0.11970734894012153,3.34,1.74,0.38,0.62,0.12161859605495463,0.35838140394504536,0.11838140394504537
0.25,0.25,mixed,0.1,50,0.24,2.52,1.1109841197270618,0.1650388092058027,0.12011537718572501,3.34,1.74,0.38,0.62,0.12161859605495463,0.35838140394504536,0.11838140394504537
0.5,0.25,mixed,0.1,50,0.24,2.52,1.1109841197270618,0.16515224600285908,0.12156414076891026,3.34,1.74,0.38,0.62,0.12161859605495463,0.35838140394504536,0.11838140394504537
1.0,0.25,mixed,0.1,50,0.24,2.52,1.1109841197270618,0.16556399105994474,0.12716084568876612,3.34,1.74,0.38,0.62,0.12161859605495463,0.35838140394504536,0.11838140394504537
2.0,0.25,mixed,0.1,50,0.24,2.52,1.1109841197270618,0.16669599418138392,0.14483081106892956,3.34,1.74,0.38,0.62,0.12161859605495463,0.35838140394504536,0.11838140394504537
5.0,0.25,mixed,0.1,50,0.24,2.52,1.1109841197270618,0.16821618407902805,0.1723043868326443,3.34,1.74,0.38,0.62,0.12161859605495463,0.35838140394504536,0.11838140394504537
10.0,0.25,mixed,0.1,50,0.24,2.52,1.1109841197270618,0.16833252634559648,0.17453443526541754,3.34,1.74,0.38,0.62,0.12161859605495463,0.35838140394504536,0.11838140394504537
0.1,0.25,mixed,0.2,50,0.28,2.42,1.14446315727827,0.1758966696408278,0.11650191652559831,3.14,2.14,0.9,0.82,0.15554385832752168,0.40445614167247834,0.12445614167247833
0.25,0.25,mixed,0.2,50,0.28,2.42,1.14446315727827,0.17732045532347868,0.11842655832586647,3.14,2.14,0.9,0.82,0.15554385832752168,0.40445614167247834,0.12445614167247833
0.5,0.25,mixed,0.2,50,0.28,2.42,1.14446315727827,0.17988419140498071,0.12376055553277615,3.14,2.14,0.9,0.82,0.15554385832752168,0.40445614167247834,0.12445614167247833
1.0,0.25,mixed,0.2,50,0.28,2.42,1.14446315727827,0.18551712136620466,0.14195404355894212,3.14,2.14,0.9,0.82,0.15554385832752168,0.40445614167247834,0.12445614167247833
2.0,0.25,mixed,0.2,50,0.28,2.42,1.14446315727827,0.1965242810639544,0.1927616382005468,3.14,2.14,0.9,0.82,0.15554385832752168,0.40445614167247834,0.12445614167247833
5.0,0.25,mixed,0.2,50,0.28,2.42,1.14446315727827,0.20907537759049624,0.2620368433110716,3.14,2.14,0.9,0.82,0.15554385832752168,0.40445614167247834,0.12445614167247833
10.0,0.25,mixed,0.2,50,0.28,2.42,1.14446315727827,0.2099936448753999,0.26735161190676515,3.14,2.14,0.9,0.82,0.15554385832752168,0.40445614167247834,0.12445614167247833
0.1,0.25,mixed,0.3,50,0.28,2.52,1.1471348514219846,0.16987814783078484,0.11787366905257463,3.32,2.46,0.66,1.32,0.15554385832752168,0.40445614167247834,0.12445614167247833
0.25,0.25,mixed,0.3,50,0.28,2.52,1.1471348514219846,0.16970731558816288,0.11853239430505166,3.32,2.46,0.66,1.32,0.15554385832752168,0.40445614167247834,0.12445614167247833
0.5,0.25,mixed,0.3,50,0.28,2.52,1.1471348514219846,0.16945450437357615,0.12090335468378664,3.32,2.46,0.66,1.32,0.15554385832752168,0.40445614167247834,0.12445614167247833
1.0,0.25,mixed,0.3,50,0.28,2.52,1.1471348514219846,0.1690615451504869,0.12914393720347528,3.32,2.46,0.66,1.32,0.15554385832752168,0.40445614167247834,0.12445614167247833
2.0,0.25,mixed,0.3,50,0.28,2.52,1.1471348514219846,0.1686210968865333,0.1511111035235774,3.32,2.46,0.66,1.32,0.15554385832752168,0.40445614167247834,0.12445614167247833
5.0,0.25,mixed,0.3,50,0.28,2.52,1.1471348514219846,0.16834827299467142,0.18161768587854113,3.32,2.46,0.66,1.32,0.15554385832752168,0.40445614167247834,0.12445614167247833
10.0,0.25,mixed,0.3,50,0.28,2.52,1.1471348514219846,0.1683334342205394,0.184018765399838,3.32,2.46,0.66,1.32,0.15554385832752168,0.40445614167247834,0.12445614167247833
0.1,0.25,none,0.0,50,0.26,2.52,1.129204162592543,0.135,0.12586435847647212,4.46,0.0,0.0,0.0,0.13841679063291676,0.38158320936708323,0.12158320936708324
0.25,0.25,none,0.0,50,0.26,2.52,1.129204162592543,0.135,0.12586435847647212,4.46,0.0,0.0,0.0,0.13841679063291676,0.38158320936708323,0.12158320936708324
0.5,0.25,none,0.0,50,0.26,2.52,1.129204162592543,0.135,0.12586435847647212,4.46,0.0,0.0,0.0,0.13841679063291676,0.38158320936708323,0.12158320936708324
1.0,0.25,none,0.0,50,0.26,2.52,1.129204162592543,0.135,0.12586435847647212,4.46,0.0,0.0,0.0,0.13841679063291676,0.38158320936708323,0.12158320936708324
2.0,0.25,none,0.0,50,0.26,2.52,1.129204162592543,0.135,0.12586435847647212,4.46,0.0,0.0,0.0,0.13841679063291676,0.38158320936708323,0.12158320936708324
5.0,0.25,none,0.0,50,0.26,2.52,1.129204162592543,0.135,0.12586435847647212,4.46,0.0,0.0,0.0,0.13841679063291676,0.38158320936708323,0.12158320936708324
10.0,0.25,none,0.0,50,0.26,2.52,1.129204162592543,0.135,0.12586435847647212,4.46,0.0,0.0,0.0,0.13841679063291676,0.38158320936708323,0.12158320936708324
0.1,0.25,spurious,0.1,50,0.26,2.5,1.1111677990074318,0.13512185216921516,0.1259808600158457,4.46,0.58,0.0,0.58,0.13841679063291676,0.38158320936708323,0.12158320936708324
0.25,0.25,spurious,0.1,50,0.26,2.5,1.1111677990074318,0.13529268441183714,0.12615391861711353,4.46,0.58,0.0,0.58,0.13841679063291676,0.38158320936708323,0.12158320936708324
0.5,0.25,spurious,0.1,50,0.26,2.5,1.1111677990074318,0.13554549562642387,0.12643076956330213,4.46,0.58,0.0,0.58,0.13841679063291676,0.38158320936708323,0.12158320936708324
1.0,0.25,spurious,0.1,50,0.26,2.5,1.1111677990074318,0.13593845484951309,0.12690989408813402,4.46,0.58,0.0,0.58,0.13841679063291676,0.38158320936708323,0.12158320936708324
2.0,0.25,spurious,0.1,50,0.26,2.5,1.1111677990074318,0.1363789031134667,0.12751676573289084,4.46,0.58,0.0,0.58,0.13841679063291676,0.38158320936708323,0.12158320936708324
5.0,0.25,spurious,0.1,50,0.26,2.5,1.1111677990074318,0.13665172700532857,0.12792926582778769,4.46,0.58,0.0,0.58,0.13841679063291676,0.38158320936708323,0.12158320936708324
10.0,0.25,spurious,0.1,50,0.26,2.5,1.1111677990074318,0.13666656577946062,0.12795249741420756,4.46,0.58,0.0,0.58,0.13841679063291676,0.38158320936708323,0.12158320936708324
0.1,0.25,spurious,0.2,50,0.32,2.42,1.1795883059053154,0.1357810609653729,0.1267104599188828,4.48,0.98,0.0,1.0,0.19069940758063017,0.4493005924193698,0.1293005924193698
0.25,0.25,spurious,0.2,50,0.32,2.42,1.1795883059053154,0.1370665801174442,0.12854252842671776,4.48,0.98,0.0,1.0,0.19069940758063017,0.4493005924193698,0.1293005924193698
0.5,0.25,spurious,0.2,50,0.32,2.42,1.1795883059053154,0.1394909417814159,0.1331261160711809,4.48,0.98,0.0,1.0,0.19069940758063017,0.4493005924193698,0.1293005924193698
1.0,0.25,spurious,0.2,50,0.32,2.42,1.1795883059053154,0.1451426575766363,0.14761908954931705,4.48,0.98,0.0,1.0,0.19069940758063017,0.4493005924193698,0.1293005924193698
2.0,0.25,spurious,0.2,50,0.32,2.42,1.1795883059053154,0.15684137213187163,0.1869714255024319,4.48,0.98,0.0,1.0,0.19069940758063017,0.4493005924193698,0.1293005924193698
5.0,0.25,spurious,0.2,50,0.32,2.42,1.1795883059053154,0.17063983466419572,0.24115209626685874,4.48,0.98,0.0,1.0,0.19069940758063017,0.4493005924193698,0.1293005924193698
10.0,0.25,spurious,0.2,50,0.32,2.42,1.1795883059053154,0.17165960544153577,0.24534189853617935,4.48,0.98,0.0,1.0,0.19069940758063017,0.4493005924193698,0.1293005924193698
0.1,0.25,spurious,0.3,50,0.32,2.42,1.1967643452071857,0.1456529653023975,0.12536404710103713,4.6,1.0,0.0,1.14,0.19069940758063017,0.4493005924193698,0.1293005924193698
0.25,0.25,spurious,0.3,50,0.32,2.42,1.1967643452071857,0.14673508649980438,0.12713453362842952,4.6,1.0,0.0,1.14,0.19069940758063017,0.4493005924193698,0.1293005924193698
0.5,0.25,spurious,0.3,50,0.32,2.42,1.1967643452071857,0.14879320015213296,0.13186429555602133,4.6,1.0,0.0,1.14,0.19069940758063017,0.4493005924193698,0.1293005924193698
1.0,0.25,spurious,0.3,50,0.32,2.42,1.1967643452071857,0.1536402116671785,0.14710369391515313,4.6,1.0,0.0,1.14,0.19069940758063017,0.4493005924193698,0.1293005924193698
2.0,0.25,spurious,0.3,50,0.32,2.42,1.1967643452071857,0.163766474837021,0.18794004337589976,4.6,1.0,0.0,1.14,0.19069940758063017,0.4493005924193698,0.1293005924193698
5.0,0.25,spurious,0.3,50,0.32,2.42,1.1967643452071857,0.17577192357983912,0.24348914519796377,4.6,1.0,0.0,1.14,0.19069940758063017,0.4493005924193698,0.1293005924193698
10.0,0.25,spurious,0.3,50,0.32,2.42,1.1967643452071857,0.17666051331647864,0.2477724069820922,4.6,1.0,0.0,1.14,0.19069940758063017,0.4493005924193698,0.1293005924193698
0.1,0.5,corrupt,0.1,50,0.24,2.56,1.0720950308167838,0.13350655650061688,0.12462211306826483,6.8,2.06,0.94,0.0,0.12161859605495463,0.35838140394504536,0.11838140394504537
0.25,0.5,corrupt,0.1,50,0.24,2.56,1.0720950308167838,0.13129374102894098,0.12330717739204504,6.8,2.06,0.94,0.0,0.12161859605495463,0.35838140394504536,0.11838140394504537
0.5,0.5,corrupt,0.1,50,0.24,2.56,1.0720950308167838,0.12769282246861813,0.12236044645034512,6.8,2.06,0.94,0.0,0.12161859605495463,0.35838140394504536,0.11838140394504537
1.0,0.5,corrupt,0.1,50,0.24,2.56,1.0720950308167838,0.1209185865061193,0.12368341403867318,6.8,2.06,0.94,0.0,0.12161859605495463,0.35838140394504536,0.11838140394504537
2.0,0.5,corrupt,0.1,50,0.24,2.56,1.0720950308167838,0.10997319173148004,0.1311414633369703,6.8,2.06,0.94,0.0,0.12161859605495463,0.35838140394504536,0.11838140394504537
5.0,0.5,corrupt,0.1,50,0.24,2.56,1.0720950308167838,0.09909835554091698,0.1426039435418272,6.8,2.06,0.94,0.0,0.12161859605495463,0.35838140394504536,0.11838140394504537
10.0,0.5,corrupt,0.1,50,0.24,2.56,1.0720950308167838,0.09833857891849003,0.14353355927562733,6.8,2.06,0.94,0.0,0.12161859605495463,0.35838140394504536,0.11838140394504537
0.1,0.5,corrupt,0.2,50,0.2,2.62,1.027976018143201,0.11958449554227257,0.12577138145148778,5.82,3.04,1.84,0.0,0.08912565670994935,0.3108743432900507,0.11087434329005068
0.25,0.5,corrupt,0.2,50,0.2,2.62,1.027976018143201,0.11881147311806722,0.12517311140811208,5.82,3.04,1.84,0.0,0.08912565670994935,0.3108743432900507,0.11087434329005068
0.5,0.5,corrupt,0.2,50,0.2,2.62,1.027976018143201,0.1171455450978557,0.12420696411002217,5.82,3.04,1.84,0.0,0.08912565670994935,0.3108743432900507,0.11087434329005068
1.0,0.5,corrupt,0.2,50,0.2,2.62,1.027976018143201,0.11267270697190299,0.12274216567566539,5.82,3.04,1.84,0.0,0.08912565670994935,0.3108743432900507,0.11087434329005068
2.0,0.5,corrupt,0.2,50,0.2,2.62,1.027976018143201,0.10229533720852846,0.12347301361064071,5.82,3.04,1.84,0.0,0.08912565670994935,0.3108743432900507,0.11087434329005068
5.0,0.5,corrupt,0.2,50,0.2,2.62,1.027976018143201,0.08931534635179,0.1310908546798064,5.82,3.04,1.84,0.0,0.08912565670994935,0.3108743432900507,0.11087434329005068
10.0,0.5,corrupt,0.2,50,0.2,2.62,1.027976018143201,0.08834009189684609,0.13192763676798,5.82,3.04,1.84,0.0,0.08912565670994935,0.3108743432900507,0.11087434329005068
0.1,0.5,corrupt,0.3,50,0.3,2.52,1.182180620890126,0.13951947381063576,0.12516114423534455,6.12,2.74,2.66,0.0,0.17297748231120594,0.42702251768879407,0.12702251768879408
0.25,0.5,corrupt,0.3,50,0.3,2.52,1.182180620890126,0.1388782794036563,0.12582396269383855,6.12,2.74,2.66,0.0,0.17297748231120594,0.42702251768879407,0.12702251768879408
0.5,0.5,corrupt,0.3,50,0.3,2.52,1.182180620890126,0.13805243764914504,0.12944109597248565,6.12,2.74,2.66,0.0,0.17297748231120594,0.42702251768879407,0.12702251768879408
1.0,0.5,corrupt,0.3,50,0.3,2.52,1.182180620890126,0.13740540911919175,0.1446906728693658,6.12,2.74,2.66,0.0,0.17297748231120594,0.42702251768879407,0.12702251768879408
2.0,0.5,corrupt,0.3,50,0.3,2.52,1.182180620890126,0.13902164191323388,0.188780578551279,6.12,2.74,2.66,0.0,0.17297748231120594,0.42702251768879407,0.12702251768879408
5.0,0.5,corrupt,0.3,50,0.3,2.52,1.182180620890126,0.14299772707191263,0.2490072273879472,6.12,2.74,2.66,0.0,0.17297748231120594,0.42702251768879407,0.12702251768879408
10.0,0.5,corrupt,0.3,50,0.3,2.52,1.182180620890126,0.1433310132985501,0.2536481877271848,6.12,2.74,2.66,0.0,0.17297748231120594,0.42702251768879407,0.12702251768879408
0.1,0.5,missing,0.1,50,0.26,2.54,1.0730463976122242,0.12497502602495902,0.126269097050475,5.9,2.96,0.0,0.0,0.13841679063291676,0.38158320936708323,0.12158320936708324
0.25,0.5,missing,0.1,50,0.26,2.54,1.0730463976122242,0.12484476317678933,0.126270187848137,5.9,2.96,0.0,0.0,0.13841679063291676,0.38158320936708323,0.12158320936708324
0.5,0.5,missing,0.1,50,0.26,2.54,1.0730463976122242,0.12439101598856364,0.12628629972210426,5.9,2.96,0.0,0.0,0.13841679063291676,0.38158320936708323,0.12158320936708324
1.0,0.5,missing,0.1,50,0.26,2.54,1.0730463976122242,0.12274403576022114,0.12650533508346573,5.9,2.96,0.0,0.0,0.13841679063291676,0.38158320936708323,0.12158320936708324
2.0,0.5,missing,0.1,50,0.26,2.54,1.0730463976122242,0.11821602327446426,0.12838978006423993,5.9,2.96,0.0,0.0,0.13841679063291676,0.38158320936708323,0.12158320936708324
5.0,0.5,missing,0.1,50,0.26,2.54,1.0730463976122242,0.11213526368388786,0.13373849966028203,5.9,2.96,0.0,0.0,0.13841679063291676,0.38158320936708323,0.12158320936708324
10.0,0.5,missing,0.1,50,0.26,2.54,1.0730463976122242,0.11166989461761398,0.1342722434706681,5.9,2.96,0.0,0.0,0.13841679063291676,0.38158320936708323,0.12158320936708324
0.1,0.5,missing,0.2,50,0.26,2.54,1.0538558938004565,0.1399687825311988,0.12536048141601222,4.62,4.24,0.0,0.0,0.13841679063291676,0.38158320936708323,0.12158320936708324
0.25,0.5,missing,0.2,50,0.26,2.54,1.0538558938004565,0.13980595397098666,0.1253817040066655,4.62,4.24,0.0,0.0,0.13841679063291676,0.38158320936708323,0.12158320936708324
0.5,0.5,missing,0.2,50,0.26,2.54,1.0538558938004565,0.13923876998570456,0.12547075494948096,4.62,4.24,0.0,0.0,0.13841679063291676,0.38158320936708323,0.12158320936708324
1.0,0.5,missing,0.2,50,0.26,2.54,1.0538558938004565,0.1371800447002764,0.12599063777180666,4.62,4.24,0.0,0.0,0.13841679063291676,0.38158320936708323,0.12158320936708324
2.0,0.5,missing,0.2,50,0.26,2.54,1.0538558938004565,0.13152002909308033,0.12897392667388646,4.62,4.24,0.0,0.0,0.13841679063291676,0.38158320936708323,0.12158320936708324
5.0,0.5,missing,0.2,50,0.26,2.54,1.0538558938004565,0.12391907960485982,0.13631368243514036,4.62,4.24,0.0,0.0,0.13841679063291676,0.38158320936708323,0.12158320936708324
10.0,0.5,missing,0.2,50,0.26,2.54,1.0538558938004565,0.12333736827201747,0.1370188003514698,4.62,4.24,0.0,0.0,0.13841679063291676,0.38158320936708323,0.12158320936708324
0.1,0.5,missing,0.3,50,0.26,2.48,0.9946797248873834,0.14545619120805944,0.12507702013284772,3.66,5.2,0.0,0.0,0.13841679063291676,0.38158320936708323,0.12158320936708324
0.25,0.5,missing,0.3,50,0.26,2.48,0.9946797248873834,0.14597669161833524,0.12574339026807266,3.66,5.2,0.0,0.0,0.13841679063291676,0.38158320936708323,0.12158320936708324
0.5,0.5,missing,0.3,50,0.26,2.48,0.9946797248873834,0.14642075249140005,0.12688157260008892,3.66,5.2,0.0,0.0,0.13841679063291676,0.38158320936708323,0.12158320936708324
1.0,0.5,missing,0.3,50,0.26,2.48,0.9946797248873834,0.14593386409832879,0.12928725004322705,3.66,5.2,0.0,0.0,0.13841679063291676,0.38158320936708323,0.12158320936708324
2.0,0.5,missing,0.3,50,0.26,2.48,0.9946797248873834,0.14203564154694712,0.13482060588448444,3.66,5.2,0.0,0.0,0.13841679063291676,0.38158320936708323,0.12158320936708324
5.0,0.5,missing,0.3,50,0.26,2.48,0.9946797248873834,0.1355259876261741,0.14391583076327127,3.66,5.2,0.0,0.0,0.13841679063291676,0.38158320936708323,0.12158320936708324
10.0,0.5,missing,0.3,50,0.26,2.48,0.9946797248873834,0.13500363138985993,0.14471440699104343,3.66,5.2,0.0,0.0,0.13841679063291676,0.38158320936708323,0.12158320936708324
0.1,0.5,mixed,0.1,50,0.24,2.42,0.970798114744686,0.17048725271945947,0.11836603099334682,5.76,4.12,0.88,1.02,0.12161859605495463,0.35838140394504536,0.11838140394504537
0.25,0.5,mixed,0.1,50,0.24,2.42,0.970798114744686,0.1711683246267296,0.11998852704059222,5.76,4.12,0.88,1.02,0.12161859605495463,0.35838140394504536,0.11838140394504537
0.5,0.5,mixed,0.1,50,0.24,2.42,0.970798114744686,0.1721633385620072,0.12456144490094577,5.76,4.12,0.88,1.02,0.12161859605495463,0.35838140394504536,0.11838140394504537
1.0,0.5,mixed,0.1,50,0.24,2.42,0.970798114744686,0.17362350442538152,0.13913952412410066,5.76,4.12,0.88,1.02,0.12161859605495463,0.35838140394504536,0.11838140394504537
2.0,0.5,mixed,0.1,50,0.24,2.42,0.970798114744686,0.17486978282532828,0.17672445738267994,5.76,4.12,0.88,1.02,0.12161859605495463,0.35838140394504536,0.11838140394504537
5.0,0.5,mixed,0.1,50,0.24,2.42,0.970798114744686,0.17502034142238623,0.2270833311893921,5.76,4.12,0.88,1.02,0.12161859605495463,0.35838140394504536,0.11838140394504537
10.0,0.5,mixed,0.1,50,0.24,2.42,0.970798114744686,0.17500015123463772,0.23096836787423722,5.76,4.12,0.88,1.02,0.12161859605495463,0.35838140394504536,0.11838140394504537
0.1,0.5,mixed,0.2,50,0.24,2.52,1.0736168130317676,0.18462759211209398,0.11087398209098545,5.5,5.3,1.44,1.94,0.12161859605495463,0.35838140394504536,0.11838140394504537
0.25,0.5,mixed,0.2,50,0.24,2.52,1.0736168130317676,0.18407411614801322,0.11222351513945242,5.5,5.3,1.44,1.94,0.12161859605495463,0.35838140394504536,0.11838140394504537
0.5,0.5,mixed,0.2,50,0.24,2.52,1.0736168130317676,0.18314655658694548,0.11740769815407073,5.5,5.3,1.44,1.94,0.12161859605495463,0.35838140394504536,0.11838140394504537
1.0,0.5,mixed,0.2,50,0.24,2.52,1.0736168130317676,0.18123101487603804,0.1362554524325726,5.5,5.3,1.44,1.94,0.12161859605495463,0.35838140394504536,0.11838140394504537
2.0,0.5,mixed,0.2,50,0.24,2.52,1.0736168130317676,0.17762114900622247,0.18647519895695067,5.5,5.3,1.44,1.94,0.12161859605495463,0.35838140394504536,0.11838140394504537
5.0,0.5,mixed,0.2,50,0.24,2.52,1.0736168130317676,0.17362346772097656,0.25289202108072434,5.5,5.3,1.44,1.94,0.12161859605495463,0.35838140394504536,0.11838140394504537
10.0,0.5,mixed,0.2,50,0.24,2.52,1.0736168130317676,0.17333532562724194,0.25796601864417157,5.5,5.3,1.44,1.94,0.12161859605495463,0.35838140394504536,0.11838140394504537
0.1,0.5,mixed,0.3,50,0.18,2.64,1.0834562986204879,0.15825660866842634,0.12006636641939122,6.04,5.62,2.0,2.8,0.07350867077550396,0.28649132922449605,0.10649132922449604
0.25,0.5,mixed,0.3,50,0.18,2.64,1.0834562986204879,0.15566956299946405,0.11897519979028365,6.04,5.62,2.0,2.8,0.07350867077550396,0.28649132922449605,0.10649132922449604
0.5,0.5,mixed,0.3,50,0.18,2.64,1.0834562986204879,0.1514495852129113,0.11875676455619709,6.04,5.62,2.0,2.8,0.07350867077550396,0.28649132922449605,0.10649132922449604
1.0,0.5,mixed,0.3,50,0.18,2.64,1.0834562986204879,0.14347768574714836,0.12349502557579888,6.04,5.62,2.0,2.8,0.07350867077550396,0.28649132922449605,0.10649132922449604
2.0,0.5,mixed,0.3,50,0.18,2.64,1.0834562986204879,0.13051939132316273,0.14476097744621702,6.04,5.62,2.0,2.8,0.07350867077550396,0.28649132922449605,0.10649132922449604
5.0,0.5,mixed,0.3,50,0.18,2.64,1.0834562986204879,0.1175787174512318,0.17998840841668617,6.04,5.62,2.0,2.8,0.07350867077550396,0.28649132922449605,0.10649132922449604
10.0,0.5,mixed,0.3,50,0.18,2.64,1.0834562986204879,0.1166729210139723,0.18286440518759106,6.04,5.62,2.0,2.8,0.07350867077550396,0.28649132922449605,0.10649132922449604
0.1,0.5,none,0.0,50,0.26,2.52,1.129204162592543,0.075,0.11572751247156893,8.86,0.0,0.0,0.0,0.13841679063291676,0.38158320936708323,0.12158320936708324
0.25,0.5,none,0.0,50,0.26,2.52,1.129204162592543,0.075,0.11572751247156893,8.86,0.0,0.0,0.0,0.13841679063291676,0.38158320936708323,0.12158320936708324
0.5,0.5,none,0.0,50,0.26,2.52,1.129204162592543,0.075,0.11572751247156893,8.86,0.0,0.0,0.0,0.13841679063291676,0.38158320936708323,0.12158320936708324
1.0,0.5,none,0.0,50,0.26,2.52,1.129204162592543,0.075,0.11572751247156893,8.86,0.0,0.0,0.0,0.13841679063291676,0.38158320936708323,0.12158320936708324
2.0,0.5,none,0.0,50,0.26,2.52,1.129204162592543,0.075,0.11572751247156893,8.86,0.0,0.0,0.0,0.13841679063291676,0.38158320936708323,0.12158320936708324
5.0,0.5,none,0.0,50,0.26,2.52,1.129204162592543,0.075,0.11572751247156893,8.86,0.0,0.0,0.0,0.13841679063291676,0.38158320936708323,0.12158320936708324
10.0,0.5,none,0.0,50,0.26,2.52,1.129204162592543,0.075,0.11572751247156893,8.86,0.0,0.0,0.0,0.13841679063291676,0.38158320936708323,0.12158320936708324
0.1,0.5,spurious,0.1,50,0.22,2.58,1.126489943069504,0.10889068753214191,0.12422977082331943,8.56,1.04,0.0,0.74,0.10517678283552581,0.33482321716447416,0.11482321716447418
0.25,0.5,spurious,0.1,50,0.22,2.58,1.126489943069504,0.10728580886124144,0.12311573731336521,8.56,1.04,0.0,0.74,0.10517678283552581,0.33482321716447416,0.11482321716447418
0.5,0.5,spurious,0.1,50,0.22,2.58,1.126489943069504,0.10476740341277874,0.12274163396104201,8.56,1.04,0.0,0.74,0.10517678283552581,0.33482321716447416,0.11482321716447418
1.0,0.5,spurious,0.1,50,0.22,2.58,1.126489943069504,0.10029560926182186,0.12689992850323192,8.56,1.04,0.0,0.74,0.10517678283552581,0.33482321716447416,0.11482321716447418
2.0,0.5,spurious,0.1,50,0.22,2.58,1.126489943069504,0.09355205398749343,0.146392820049204,8.56,1.04,0.0,0.74,0.10517678283552581,0.33482321716447416,0.11482321716447418
5.0,0.5,spurious,0.1,50,0.22,2.58,1.126489943069504,0.08711552219505878,0.17864943522173346,8.56,1.04,0.0,0.74,0.10517678283552581,0.33482321716447416,0.11482321716447418
10.0,0.5,spurious,0.1,50,0.22,2.58,1.126489943069504,0.08666974341045665,0.18127836852064952,8.56,1.04,0.0,0.74,0.10517678283552581,0.33482321716447416,0.11482321716447418
0.1,0.5,spurious,0.2,50,0.36,2.4,1.1952286093343933,0.14603097687447478,0.1258424754905602,8.28,2.2,0.0,1.62,0.22695078805193922,0.49304921194806073,0.13304921194806074
0.25,0.5,spurious,0.2,50,0.36,2.4,1.1952286093343933,0.14768948877072863,0.12896678130258127,8.28,2.2,0.0,1.62,0.22695078805193922,0.49304921194806073,0.13304921194806074
0.5,0.5,spurious,0.2,50,0.36,2.4,1.1952286093343933,0.15071405305373528,0.1376970047355955,8.28,2.2,0.0,1.62,0.22695078805193922,0.49304921194806073,0.13304921194806074
1.0,0.5,spurious,0.2,50,0.36,2.4,1.1952286093343933,0.15730848889394533,0.1652908943989808,8.28,2.2,0.0,1.62,0.22695078805193922,0.49304921194806073,0.13304921194806074
2.0,0.5,spurious,0.2,50,0.36,2.4,1.1952286093343933,0.16913128538719732,0.2283518159053438,8.28,2.2,0.0,1.62,0.22695078805193922,0.49304921194806073,0.13304921194806074
5.0,0.5,spurious,0.2,50,0.36,2.4,1.1952286093343933,0.18085653564023224,0.30122306593359244,8.28,2.2,0.0,1.62,0.22695078805193922,0.49304921194806073,0.13304921194806074
10.0,0.5,spurious,0.2,50,0.36,2.4,1.1952286093343933,0.18166111840615476,0.3065838778915905,8.28,2.2,0.0,1.62,0.22695078805193922,0.49304921194806073,0.13304921194806074
0.1,0.5,spurious,0.3,50,0.3,2.52,1.1821806208901258,0.14478206458774795,0.12473546722294498,7.88,3.5,0.0,2.52,0.17297748231120594,0.42702251768879407,0.12702251768879408
0.25,0.5,spurious,0.3,50,0.3,2.52,1.1821806208901258,0.14458248886535752,0.12607917999876897,7.88,3.5,0.0,2.52,0.17297748231120594,0.42702251768879407,0.12702251768879408
0.5,0.5,spurious,0.3,50,0.3,2.52,1.1821806208901258,0.14461881085425832,0.13163122808767824,7.88,3.5,0.0,2.52,0.17297748231120594,0.42702251768879407,0.12702251768879408
1.0,0.5,spurious,0.3,50,0.3,2.52,1.1821806208901258,0.14610460697072297,0.15368214528524277,7.88,3.5,0.0,2.52,0.17297748231120594,0.42702251768879407,0.12702251768879408
2.0,0.5,spurious,0.3,50,0.3,2.52,1.1821806208901258,0.15251326031285756,0.21553700714315435,7.88,3.5,0.0,2.52,0.17297748231120594,0.42702251768879407,0.12702251768879408
5.0,0.5,spurious,0.3,50,0.3,2.52,1.1821806208901258,0.16253629991858193,0.29725013802921185,7.88,3.5,0.0,2.52,0.17297748231120594,0.42702251768879407,0.12702251768879408
10.0,0.5,spurious,0.3,50,0.3,2.52,1.1821806208901258,0.16332783577746565,0.30345139466364257,7.88,3.5,0.0,2.52,0.17297748231120594,0.42702251768879407,0.12702251768879408
0.1,0.75,corrupt,0.1,50,0.26,2.62,1.1586410054852352,0.04042991677689553,0.09423306465498893,9.74,3.78,1.5,0.0,0.13841679063291676,0.38158320936708323,0.12158320936708324
0.25,0.75,corrupt,0.1,50,0.26,2.62,1.1586410054852352,0.04060944159250627,0.097059967763659,9.74,3.78,1.5,0.0,0.13841679063291676,0.38158320936708323,0.12158320936708324
0.5,0.75,corrupt,0.1,50,0.26,2.62,1.1586410054852352,0.03977034503554045,0.09937576812556302,9.74,3.78,1.5,0.0,0.13841679063291676,0.38158320936708323,0.12158320936708324
1.0,0.75,corrupt,0.1,50,0.26,2.62,1.1586410054852352,0.03683597626021984,0.0992585134366687,9.74,3.78,1.5,0.0,0.13841679063291676,0.38158320936708323,0.12158320936708324
2.0,0.75,corrupt,0.1,50,0.26,2.62,1.1586410054852352,0.032271103316546645,0.09883520899283417,9.74,3.78,1.5,0.0,0.13841679063291676,0.38158320936708323,0.12158320936708324
5.0,0.75,corrupt,0.1,50,0.26,2.62,1.1586410054852352,0.028569999868037637,0.1003029899540983,9.74,3.78,1.5,0.0,0.13841679063291676,0.38158320936708323,0.12158320936708324
10.0,0.75,corrupt,0.1,50,0.26,2.62,1.1586410054852352,0.028334947418718545,0.100465451158333,9.74,3.78,1.5,0.0,0.13841679063291676,0.38158320936708323,0.12158320936708324
0.1,0.75,corrupt,0.2,50,0.22,2.6,1.124858267715973,0.08573428346866102,0.12103407641498218,8.3,5.22,2.72,0.0,0.10517678283552581,0.33482321716447416,0.11482321716447418
0.25,0.75,corrupt,0.2,50,0.22,2.6,1.124858267715973,0.08612227365605447,0.12276942355560844,8.3,5.22,2.72,0.0,0.10517678283552581,0.33482321716447416,0.11482321716447418
0.5,0.75,corrupt,0.2,50,0.22,2.6,1.124858267715973,0.08516570034338444,0.12318470639024946,8.3,5.22,2.72,0.0,0.10517678283552581,0.33482321716447416,0.11482321716447418
1.0,0.75,corrupt,0.2,50,0.22,2.6,1.124858267715973,0.0814078105142749,0.12205633617664084,8.3,5.22,2.72,0.0,0.10517678283552581,0.33482321716447416,0.11482321716447418
2.0,0.75,corrupt,0.2,50,0.22,2.6,1.124858267715973,0.07485526517076792,0.12449656931101241,8.3,5.22,2.72,0.0,0.10517678283552581,0.33482321716447416,0.11482321716447418
5.0,0.75,corrupt,0.2,50,0.22,2.6,1.124858267715973,0.06874630784444208,0.1306384478032625,8.3,5.22,2.72,0.0,0.10517678283552581,0.33482321716447416,0.11482321716447418
10.0,0.75,corrupt,0.2,50,0.22,2.6,1.124858267715973,0.06833615792779918,0.13115425321556026,8.3,5.22,2.72,0.0,0.10517678283552581,0.33482321716447416,0.11482321716447418
0.1,0.75,corrupt,0.3,50,0.28,2.46,1.1286618408630673,0.12127350101360879,0.128118532927942,8.6,4.92,4.5,0.0,0.15554385832752168,0.40445614167247834,0.12445614167247833
0.25,0.75,corrupt,0.3,50,0.28,2.46,1.1286618408630673,0.12307244276470142,0.132854980427203,8.6,4.92,4.5,0.0,0.15554385832752168,0.40445614167247834,0.12445614167247833
0.5,0.75,corrupt,0.3,50,0.28,2.46,1.1286618408630673,0.1253475331252608,0.14240970457782479,8.6,4.92,4.5,0.0,0.15554385832752168,0.40445614167247834,0.12445614167247833
1.0,0.75,corrupt,0.3,50,0.28,2.46,1.1286618408630673,0.1281055801122996,0.16067543899714853,8.6,4.92,4.5,0.0,0.15554385832752168,0.40445614167247834,0.12445614167247833
2.0,0.75,corrupt,0.3,50,0.28,2.46,1.1286618408630673,0.13154891309552263,0.19139444481975082,8.6,4.92,4.5,0.0,0.15554385832752168,0.40445614167247834,0.12445614167247833
5.0,0.75,corrupt,0.3,50,0.28,2.46,1.1286618408630673,0.13477887300921207,0.2246215956234272,8.6,4.92,4.5,0.0,0.15554385832752168,0.40445614167247834,0.12445614167247833
10.0,0.75,corrupt,0.3,50,0.28,2.46,1.1286618408630673,0.13499848682930124,0.22704297126227002,8.6,4.92,4.5,0.0,0.15554385832752168,0.40445614167247834,0.12445614167247833
0.1,0.75,missing,0.1,50,0.3,2.5,1.1823532398033463,0.06806527686299742,0.1171934224759314,9.44,4.08,0.0,0.0,0.17297748231120594,0.42702251768879407,0.12702251768879408
0.25,0.75,missing,0.1,50,0.3,2.5,1.1823532398033463,0.07300316786788599,0.13164567083095347,9.44,4.08,0.0,0.0,0.17297748231120594,0.42702251768879407,0.12702251768879408
0.5,0.75,missing,0.1,50,0.3,2.5,1.1823532398033463,0.08045538300581924,0.16010317784481534,9.44,4.08,0.0,0.0,0.17297748231120594,0.42702251768879407,0.12702251768879408
1.0,0.75,missing,0.1,50,0.3,2.5,1.1823532398033463,0.08853221217688358,0.19809747100411984,9.44,4.08,0.0,0.0,0.17297748231120594,0.42702251768879407,0.12702251768879408
2.0,0.75,missing,0.1,50,0.3,2.5,1.1823532398033463,0.09066593577611812,0.2144381359401406,9.44,4.08,0.0,0.0,0.17297748231120594,0.42702251768879407,0.12702251768879408
5.0,0.75,missing,0.1,50,0.3,2.5,1.1823532398033463,0.09004479451184359,0.21672164912186526,9.44,4.08,0.0,0.0,0.17297748231120594,0.42702251768879407,0.12702251768879408
10.0,0.75,missing,0.1,50,0.3,2.5,1.1823532398033463,0.09000030266161066,0.21680991962712315,9.44,4.08,0.0,0.0,0.17297748231120594,0.42702251768879407,0.12702251768879408
0.1,0.75,missing,0.2,50,0.28,2.52,1.1471348514219846,0.07634361668391572,0.11848424688622287,7.0,6.52,0.0,0.0,0.15554385832752168,0.40445614167247834,0.12445614167247833
0.25,0.75,missing,0.2,50,0.28,2.52,1.1471348514219846,0.07852374811038461,0.12548506344091304,7.0,6.52,0.0,0.0,0.15554385832752168,0.40445614167247834,0.12445614167247833
0.5,0.75,missing,0.2,50,0.28,2.52,1.1471348514219846,0.08175720206041474,0.14087074455816695,7.0,6.52,0.0,0.0,0.15554385832752168,0.40445614167247834,0.12445614167247833
1.0,0.75,missing,0.2,50,0.28,2.52,1.1471348514219846,0.08479443275422743,0.16355798442209063,7.0,6.52,0.0,0.0,0.15554385832752168,0.40445614167247834,0.12445614167247833
2.0,0.75,missing,0.2,50,0.28,2.52,1.1471348514219846,0.0840686190364751,0.17462352611522558,7.0,6.52,0.0,0.0,0.15554385832752168,0.40445614167247834,0.12445614167247833
5.0,0.75,missing,0.2,50,0.28,2.52,1.1471348514219846,0.08182862266890091,0.17758073679443556,7.0,6.52,0.0,0.0,0.15554385832752168,0.40445614167247834,0.12445614167247833
10.0,0.75,missing,0.2,50,0.28,2.52,1.1471348514219846,0.08166777631601789,0.17776674185726546,7.0,6.52,0.0,0.0,0.15554385832752168,0.40445614167247834,0.12445614167247833
0.1,0.75,missing,0.3,50,0.28,2.44,1.1095135907970057,0.07643398159794197,0.1182841173650758,6.0,7.52,0.0,0.0,0.15554385832752168,0.40445614167247834,0.12445614167247833
0.25,0.75,missing,0.3,50,0.28,2.44,1.1095135907970057,0.07822116490150166,0.12237274927170061,6.0,7.52,0.0,0.0,0.15554385832752168,0.40445614167247834,0.12445614167247833
0.5,0.75,missing,0.3,50,0.28,2.44,1.1095135907970057,0.08027124570910912,0.12823443006574287,6.0,7.52,0.0,0.0,0.15554385832752168,0.40445614167247834,0.12445614167247833
1.0,0.75,missing,0.3,50,0.28,2.44,1.1095135907970057,0.08275766415868216,0.13764244460680405,6.0,7.52,0.0,0.0,0.15554385832752168,0.40445614167247834,0.12445614167247833
2.0,0.75,missing,0.3,50,0.28,2.44,1.1095135907970057,0.08613741202297966,0.1565286359966983,6.0,7.52,0.0,0.0,0.15554385832752168,0.40445614167247834,0.12445614167247833
5.0,0.75,missing,0.3,50,0.28,2.44,1.1095135907970057,0.08973582063920184,0.18294805907168363,6.0,7.52,0.0,0.0,0.15554385832752168,0.40445614167247834,0.12445614167247833
10.0,0.75,missing,0.3,50,0.28,2.44,1.1095135907970057,0.08999818425011379,0.1850574783640864,6.0,7.52,0.0,0.0,0.15554385832752168,0.40445614167247834,0.12445614167247833
0.1,0.75,mixed,0.1,50,0.24,2.46,1.0538558938004565,0.07769105597976426,0.12033582089492946,8.9,5.94,1.44,1.32,0.12161859605495463,0.35838140394504536,0.11838140394504537
0.25,0.75,mixed,0.1,50,0.24,2.46,1.0538558938004565,0.08081411696247422,0.12672198212090902,8.9,5.94,1.44,1.32,0.12161859605495463,0.35838140394504536,0.11838140394504537
0.5,0.75,mixed,0.1,50,0.24,2.46,1.0538558938004565,0.08377185040070949,0.13390402076977181,8.9,5.94,1.44,1.32,0.12161859605495463,0.35838140394504536,0.11838140394504537
1.0,0.75,mixed,0.1,50,0.24,2.46,1.0538558938004565,0.0860076129430815,0.1427780896614144,8.9,5.94,1.44,1.32,0.12161859605495463,0.35838140394504536,0.11838140394504537
2.0,0.75,mixed,0.1,50,0.24,2.46,1.0538558938004565,0.08830330346688736,0.16191209209459284,8.9,5.94,1.44,1.32,0.12161859605495463,0.35838140394504536,0.11838140394504537
5.0,0.75,mixed,0.1,50,0.24,2.46,1.0538558938004565,0.09141142527232722,0.18924232176520167,8.9,5.94,1.44,1.32,0.12161859605495463,0.35838140394504536,0.11838140394504537
10.0,0.75,mixed,0.1,50,0.24,2.46,1.0538558938004565,0.09166490142907445,0.19138907848349906,8.9,5.94,1.44,1.32,0.12161859605495463,0.35838140394504536,0.11838140394504537
0.1,0.75,mixed,0.2,50,0.22,2.62,1.104536101718726,0.1233971913189222,0.1248637115308756,8.2,7.88,2.14,2.56,0.10517678283552581,0.33482321716447416,0.11482321716447418
0.25,0.75,mixed,0.2,50,0.22,2.62,1.104536101718726,0.12107867502870918,0.12356413100118846,8.2,7.88,2.14,2.56,0.10517678283552581,0.33482321716447416,0.11482321716447418
0.5,0.75,mixed,0.2,50,0.22,2.62,1.104536101718726,0.11745181884791245,0.12311848636335085,8.2,7.88,2.14,2.56,0.10517678283552581,0.33482321716447416,0.11482321716447418
1.0,0.75,mixed,0.2,50,0.22,2.62,1.104536101718726,0.11110811377649563,0.1259908737577249,8.2,7.88,2.14,2.56,0.10517678283552581,0.33482321716447416,0.11482321716447418
2.0,0.75,mixed,0.2,50,0.22,2.62,1.104536101718726,0.10198627698078122,0.13475325088080414,8.2,7.88,2.14,2.56,0.10517678283552581,0.33482321716447416,0.11482321716447418
5.0,0.75,mixed,0.2,50,0.22,2.62,1.104536101718726,0.09387899669364447,0.14472022215254543,8.2,7.88,2.14,2.56,0.10517678283552581,0.33482321716447416,0.11482321716447418
10.0,0.75,mixed,0.2,50,0.22,2.62,1.104536101718726,0.09333706583022244,0.14544757421607254,8.2,7.88,2.14,2.56,0.10517678283552581,0.33482321716447416,0.11482321716447418
0.1,0.75,mixed,0.3,50,0.24,2.62,1.1586410054852352,0.1433971913189222,0.12348748678242139,8.7,8.96,2.64,4.14,0.12161859605495463,0.35838140394504536,0.11838140394504537
0.25,0.75,mixed,0.3,50,0.24,2.62,1.1586410054852352,0.1410786750287092,0.1226165413637623,8.7,8.96,2.64,4.14,0.12161859605495463,0.35838140394504536,0.11838140394504537
0.5,0.75,mixed,0.3,50,0.24,2.62,1.1586410054852352,0.13745181884791247,0.12318267685023723,8.7,8.96,2.64,4.14,0.12161859605495463,0.35838140394504536,0.11838140394504537
1.0,0.75,mixed,0.3,50,0.24,2.62,1.1586410054852352,0.13110811377649564,0.12990534009515672,8.7,8.96,2.64,4.14,0.12161859605495463,0.35838140394504536,0.11838140394504537
2.0,0.75,mixed,0.3,50,0.24,2.62,1.1586410054852352,0.12198627698078121,0.15269013078308916,8.7,8.96,2.64,4.14,0.12161859605495463,0.35838140394504536,0.11838140394504537
5.0,0.75,mixed,0.3,50,0.24,2.62,1.1586410054852352,0.11387899669364447,0.18612843303718643,8.7,8.96,2.64,4.14,0.12161859605495463,0.35838140394504536,0.11838140394504537
10.0,0.75,mixed,0.3,50,0.24,2.62,1.1586410054852352,0.11333706583022245,0.1887837079557937,8.7,8.96,2.64,4.14,0.12161859605495463,0.35838140394504536,0.11838140394504537
0.1,0.75,none,0.0,50,0.26,2.52,1.129204162592543,0.0,0.0,13.52,0.0,0.0,0.0,0.13841679063291676,0.38158320936708323,0.12158320936708324
0.25,0.75,none,0.0,50,0.26,2.52,1.129204162592543,0.0,0.0,13.52,0.0,0.0,0.0,0.13841679063291676,0.38158320936708323,0.12158320936708324
0.5,0.75,none,0.0,50,0.26,2.52,1.129204162592543,0.0,0.0,13.52,0.0,0.0,0.0,0.13841679063291676,0.38158320936708323,0.12158320936708324
1.0,0.75,none,0.0,50,0.26,2.52,1.129204162592543,0.0,0.0,13.52,0.0,0.0,0.0,0.13841679063291676,0.38158320936708323,0.12158320936708324
2.0,0.75,none,0.0,50,0.26,2.52,1.129204162592543,0.0,0.0,13.52,0.0,0.0,0.0,0.13841679063291676,0.38158320936708323,0.12158320936708324
5.0,0.75,none,0.0,50,0.26,2.52,1.129204162592543,0.0,0.0,13.52,0.0,0.0,0.0,0.13841679063291676,0.38158320936708323,0.12158320936708324
10.0,0.75,none,0.0,50,0.26,2.52,1.129204162592543,0.0,0.0,13.52,0.0,0.0,0.0,0.13841679063291676,0.38158320936708323,0.12158320936708324
0.1,0.75,spurious,0.1,50,0.28,2.48,1.1471348514219846,0.031123889377704893,0.09519869271511479,13.16,1.66,0.0,1.3,0.15554385832752168,0.40445614167247834,0.12445614167247833
0.25,0.75,spurious,0.1,50,0.28,2.48,1.1471348514219846,0.03859100845010546,0.1209004830513626,13.16,1.66,0.0,1.3,0.15554385832752168,0.40445614167247834,0.12445614167247833
0.5,0.75,spurious,0.1,50,0.28,2.48,1.1471348514219846,0.04562656305154307,0.14943775108258628,13.16,1.66,0.0,1.3,0.15554385832752168,0.40445614167247834,0.12445614167247833
1.0,0.75,spurious,0.1,50,0.28,2.48,1.1471348514219846,0.05026425388214884,0.17853033004384491,13.16,1.66,0.0,1.3,0.15554385832752168,0.40445614167247834,0.12445614167247833
2.0,0.75,spurious,0.1,50,0.28,2.48,1.1471348514219846,0.05076387380553021,0.19707660776662536,13.16,1.66,0.0,1.3,0.15554385832752168,0.40445614167247834,0.12445614167247833
5.0,0.75,spurious,0.1,50,0.28,2.48,1.1471348514219846,0.05004480674765443,0.20758492487614139,13.16,1.66,0.0,1.3,0.15554385832752168,0.40445614167247834,0.12445614167247833
10.0,0.75,spurious,0.1,50,0.28,2.48,1.1471348514219846,0.0500003026616144,0.20824375901668268,13.16,1.66,0.0,1.3,0.15554385832752168,0.40445614167247834,0.12445614167247833
0.1,0.75,spurious,0.2,50,0.28,2.52,1.1821806208901258,0.06901565385538871,0.11913866776408558,11.92,4.3,0.0,2.7,0.15554385832752168,0.40445614167247834,0.12445614167247833
0.25,0.75,spurious,0.2,50,0.28,2.52,1.1821806208901258,0.07370231195900191,0.1328245138791717,11.92,4.3,0.0,2.7,0.15554385832752168,0.40445614167247834,0.12445614167247833
0.5,0.75,spurious,0.2,50,0.28,2.52,1.1821806208901258,0.07757763497012628,0.15109406106571882,11.92,4.3,0.0,2.7,0.15554385832752168,0.40445614167247834,0.12445614167247833
1.0,0.75,spurious,0.2,50,0.28,2.52,1.1821806208901258,0.07903091812252763,0.1744877348696474,11.92,4.3,0.0,2.7,0.15554385832752168,0.40445614167247834,0.12445614167247833
2.0,0.75,spurious,0.2,50,0.28,2.52,1.1821806208901258,0.07740391741461798,0.1960982928356825,11.92,4.3,0.0,2.7,0.15554385832752168,0.40445614167247834,0.12445614167247833
5.0,0.75,spurious,0.2,50,0.28,2.52,1.1821806208901258,0.07665585090848454,0.2194390770371759,11.92,4.3,0.0,2.7,0.15554385832752168,0.40445614167247834,0.12445614167247833
10.0,0.75,spurious,0.2,50,0.28,2.52,1.1821806208901258,0.0766665659717996,0.2213258073576393,11.92,4.3,0.0,2.7,0.15554385832752168,0.40445614167247834,0.12445614167247833
0.1,0.75,spurious,0.3,50,0.26,2.66,1.2055991820481224,0.0719612991125437,0.11771367595049352,12.1,6.04,0.0,4.62,0.13841679063291676,0.38158320936708323,0.12158320936708324
0.25,0.75,spurious,0.3,50,0.26,2.66,1.2055991820481224,0.07423805336791436,0.12624880363521668,12.1,6.04,0.0,4.62,0.13841679063291676,0.38158320936708323,0.12158320936708324
0.5,0.75,spurious,0.3,50,0.26,2.66,1.2055991820481224,0.07588121615173259,0.14057562043473198,12.1,6.04,0.0,4.62,0.13841679063291676,0.38158320936708323,0.12158320936708324
1.0,0.75,spurious,0.3,50,0.26,2.66,1.2055991820481224,0.07487752170055705,0.16028344480422815,12.1,6.04,0.0,4.62,0.13841679063291676,0.38158320936708323,0.12158320936708324
2.0,0.75,spurious,0.3,50,0.26,2.66,1.2055991820481224,0.06919369703532186,0.16994738999579886,12.1,6.04,0.0,4.62,0.13841679063291676,0.38158320936708323,0.12158320936708324
5.0,0.75,spurious,0.3,50,0.26,2.66,1.2055991820481224,0.06368158766664318,0.17352348565750272,12.1,6.04,0.0,4.62,0.13841679063291676,0.38158320936708323,0.12158320936708324
10.0,0.75,spurious,0.3,50,0.26,2.66,1.2055991820481224,0.06333570405215067,0.17379134662083087,12.1,6.04,0.0,4.62,0.13841679063291676,0.38158320936708323,0.12158320936708324
0.1,1.0,corrupt,0.1,50,0.26,2.38,1.1228607778930622,0.16822859932631498,0.16178539985673335,13.26,4.72,1.5,0.0,0.13841679063291676,0.38158320936708323,0.12158320936708324
0.25,1.0,corrupt,0.1,50,0.26,2.38,1.1228607778930622,0.2066187497027702,0.23377471226744873,13.26,4.72,1.5,0.0,0.13841679063291676,0.38158320936708323,0.12158320936708324
0.5,1.0,corrupt,0.1,50,0.26,2.38,1.1228607778930622,0.2363438762402782,0.30132185390035077,13.26,4.72,1.5,0.0,0.13841679063291676,0.38158320936708323,0.12158320936708324
1.0,1.0,corrupt,0.1,50,0.26,2.38,1.1228607778930622,0.24153616198413072,0.32961962018298574,13.26,4.72,1.5,0.0,0.13841679063291676,0.38158320936708323,0.12158320936708324
2.0,1.0,corrupt,0.1,50,0.26,2.38,1.1228607778930622,0.23464929413305807,0.3459465764025431,13.26,4.72,1.5,0.0,0.13841679063291676,0.38158320936708323,0.12158320936708324
5.0,1.0,corrupt,0.1,50,0.26,2.38,1.1228607778930622,0.22870385685565867,0.3611756174212892,13.26,4.72,1.5,0.0,0.13841679063291676,0.38158320936708323,0.12158320936708324
10.0,1.0,corrupt,0.1,50,0.26,2.38,1.1228607778930622,0.2283358553760926,0.3621835923691567,13.26,4.72,1.5,0.0,0.13841679063291676,0.38158320936708323,0.12158320936708324
0.1,1.0,corrupt,0.2,50,0.22,2.54,1.1286618408630675,0.12463090918737181,0.1403919042992662,11.54,6.44,3.36,0.0,0.10517678283552581,0.33482321716447416,0.11482321716447418
0.25,1.0,corrupt,0.2,50,0.22,2.54,1.1286618408630675,0.13647851432818414,0.1687892777613204,11.54,6.44,3.36,0.0,0.10517678283552581,0.33482321716447416,0.11482321716447418
0.5,1.0,corrupt,0.2,50,0.22,2.54,1.1286618408630675,0.14466998364241487,0.19754575529390905,11.54,6.44,3.36,0.0,0.10517678283552581,0.33482321716447416,0.11482321716447418
1.0,1.0,corrupt,0.2,50,0.22,2.54,1.1286618408630675,0.14344963952816062,0.2166765679482568,11.54,6.44,3.36,0.0,0.10517678283552581,0.33482321716447416,0.11482321716447418
2.0,1.0,corrupt,0.2,50,0.22,2.54,1.1286618408630675,0.1336234612392682,0.23953777658693173,11.54,6.44,3.36,0.0,0.10517678283552581,0.33482321716447416,0.11482321716447418
5.0,1.0,corrupt,0.2,50,0.22,2.54,1.1286618408630675,0.12246784064507185,0.2616119259221392,11.54,6.44,3.36,0.0,0.10517678283552581,0.33482321716447416,0.11482321716447418
10.0,1.0,corrupt,0.2,50,0.22,2.54,1.1286618408630675,0.1216721644148785,0.2630877729456353,11.54,6.44,3.36,0.0,0.10517678283552581,0.33482321716447416,0.11482321716447418
0.1,1.0,corrupt,0.3,50,0.24,2.48,1.0736168130317678,0.13680592747828713,0.12810292711019397,10.54,7.44,5.54,0.0,0.12161859605495463,0.35838140394504536,0.11838140394504537
0.25,1.0,corrupt,0.3,50,0.24,2.48,1.0736168130317678,0.13957818769712985,0.13384323260309525,10.54,7.44,5.54,0.0,0.12161859605495463,0.35838140394504536,0.11838140394504537
0.5,1.0,corrupt,0.3,50,0.24,2.48,1.0736168130317678,0.14354607571815944,0.14754537287665292,10.54,7.44,5.54,0.0,0.12161859605495463,0.35838140394504536,0.11838140394504537
1.0,1.0,corrupt,0.3,50,0.24,2.48,1.0736168130317678,0.1466409126811883,0.16985495146387136,10.54,7.44,5.54,0.0,0.12161859605495463,0.35838140394504536,0.11838140394504537
2.0,1.0,corrupt,0.3,50,0.24,2.48,1.0736168130317678,0.14248305848966988,0.18444492815613478,10.54,7.44,5.54,0.0,0.12161859605495463,0.35838140394504536,0.11838140394504537
5.0,1.0,corrupt,0.3,50,0.24,2.48,1.0736168130317678,0.1340063373004017,0.19477674197553965,10.54,7.44,5.54,0.0,0.12161859605495463,0.35838140394504536,0.11838140394504537
10.0,1.0,corrupt,0.3,50,0.24,2.48,1.0736168130317678,0.13333797348533846,0.19560938490266655,10.54,7.44,5.54,0.0,0.12161859605495463,0.35838140394504536,0.11838140394504537
0.1,1.0,missing,0.1,50,0.32,2.56,1.2803060858518902,0.17071480157933344,0.14833431193672253,11.94,6.04,0.0,0.0,0.19069940758063017,0.4493005924193698,0.1293005924193698
0.25,1.0,missing,0.1,50,0.32,2.56,1.2803060858518902,0.20188069239365278,0.20426507250735554,11.94,6.04,0.0,0.0,0.19069940758063017,0.4493005924193698,0.1293005924193698
0.5,1.0,missing,0.1,50,0.32,2.56,1.2803060858518902,0.23500797507182689,0.27930629951622366,11.94,6.04,0.0,0.0,0.19069940758063017,0.4493005924193698,0.1293005924193698
1.0,1.0,missing,0.1,50,0.32,2.56,1.2803060858518902,0.24836110181261617,0.33455978515178475,11.94,6.04,0.0,0.0,0.19069940758063017,0.4493005924193698,0.1293005924193698
2.0,1.0,missing,0.1,50,0.32,2.56,1.2803060858518902,0.23749325936318233,0.3586686830371197,11.94,6.04,0.0,0.0,0.19069940758063017,0.4493005924193698,0.1293005924193698
5.0,1.0,missing,0.1,50,0.32,2.56,1.2803060858518902,0.22419263775221496,0.3699087481845653,11.94,6.04,0.0,0.0,0.19069940758063017,0.4493005924193698,0.1293005924193698
10.0,1.0,missing,0.1,50,0.32,2.56,1.2803060858518902,0.22333918446152076,0.37055317812794136,11.94,6.04,0.0,0.0,0.19069940758063017,0.4493005924193698,0.1293005924193698
0.1,1.0,missing,0.2,50,0.26,2.5,1.111167799007432,0.09115509821322856,0.1232774455252726,8.24,9.74,0.0,0.0,0.13841679063291676,0.38158320936708323,0.12158320936708324
0.25,1.0,missing,0.2,50,0.26,2.5,1.111167799007432,0.09233156489896438,0.12672326536626397,8.24,9.74,0.0,0.0,0.13841679063291676,0.38158320936708323,0.12158320936708324
0.5,1.0,missing,0.2,50,0.26,2.5,1.111167799007432,0.09292836067860114,0.13086847369554708,8.24,9.74,0.0,0.0,0.13841679063291676,0.38158320936708323,0.12158320936708324
1.0,1.0,missing,0.2,50,0.26,2.5,1.111167799007432,0.0921633442426954,0.13541548841456671,8.24,9.74,0.0,0.0,0.13841679063291676,0.38158320936708323,0.12158320936708324
2.0,1.0,missing,0.2,50,0.26,2.5,1.111167799007432,0.09014018707303985,0.14147853242971645,8.24,9.74,0.0,0.0,0.13841679063291676,0.38158320936708323,0.12158320936708324
5.0,1.0,missing,0.2,50,0.26,2.5,1.111167799007432,0.08843731101883706,0.146829345922284,8.24,9.74,0.0,0.0,0.13841679063291676,0.38158320936708323,0.12158320936708324
10.0,1.0,missing,0.2,50,0.26,2.5,1.111167799007432,0.0883340395162953,0.14716482918217302,8.24,9.74,0.0,0.0,0.13841679063291676,0.38158320936708323,0.12158320936708324
0.1,1.0,missing,0.3,50,0.28,2.4,1.0690449676496976,0.10780584271449763,0.12851665005524815,6.08,11.9,0.0,0.0,0.15554385832752168,0.40445614167247834,0.12445614167247833
0.25,1.0,missing,0.3,50,0.28,2.4,1.0690449676496976,0.1120359610524303,0.1364648476238455,6.08,11.9,0.0,0.0,0.15554385832752168,0.40445614167247834,0.12445614167247833
0.5,1.0,missing,0.3,50,0.28,2.4,1.0690449676496976,0.11830314957750117,0.15229775715981048,6.08,11.9,0.0,0.0,0.15554385832752168,0.40445614167247834,0.12445614167247833
1.0,1.0,missing,0.3,50,0.28,2.4,1.0690449676496976,0.12605589094838454,0.17530879100774852,6.08,11.9,0.0,0.0,0.15554385832752168,0.40445614167247834,0.12445614167247833
2.0,1.0,missing,0.3,50,0.28,2.4,1.0690449676496976,0.1306154563980754,0.1876906867506779,6.08,11.9,0.0,0.0,0.15554385832752168,0.40445614167247834,0.12445614167247833
5.0,1.0,missing,0.3,50,0.28,2.4,1.0690449676496976,0.13164934673284376,0.1917748293890168,6.08,11.9,0.0,0.0,0.15554385832752168,0.40445614167247834,0.12445614167247833
10.0,1.0,missing,0.3,50,0.28,2.4,1.0690449676496976,0.13166656566954532,0.1920232372522291,6.08,11.9,0.0,0.0,0.15554385832752168,0.40445614167247834,0.12445614167247833
0.1,1.0,mixed,0.1,50,0.26,2.44,1.0909647481163876,0.10186824726898003,0.12644449036836208,10.34,9.38,1.34,1.74,0.13841679063291676,0.38158320936708323,0.12158320936708324
0.25,1.0,mixed,0.1,50,0.26,2.44,1.0909647481163876,0.1039088938264698,0.13031141055596726,10.34,9.38,1.34,1.74,0.13841679063291676,0.38158320936708323,0.12158320936708324
0.5,1.0,mixed,0.1,50,0.26,2.44,1.0909647481163876,0.10559884876759362,0.1347551367677872,10.34,9.38,1.34,1.74,0.13841679063291676,0.38158320936708323,0.12158320936708324
1.0,1.0,mixed,0.1,50,0.26,2.44,1.0909647481163876,0.10744633844344378,0.14550055279509552,10.34,9.38,1.34,1.74,0.13841679063291676,0.38158320936708323,0.12158320936708324
2.0,1.0,mixed,0.1,50,0.26,2.44,1.0909647481163876,0.11170836722355533,0.17844534644537177,10.34,9.38,1.34,1.74,0.13841679063291676,0.38158320936708323,0.12158320936708324
5.0,1.0,mixed,0.1,50,0.26,2.44,1.0909647481163876,0.11784379496016871,0.22426855228759277,10.34,9.38,1.34,1.74,0.13841679063291676,0.38158320936708323,0.12158320936708324
10.0,1.0,mixed,0.1,50,0.26,2.44,1.0909647481163876,0.11832995412026794,0.22778312537748802,10.34,9.38,1.34,1.74,0.13841679063291676,0.38158320936708323,0.12158320936708324
0.1,1.0,mixed,0.2,50,0.28,2.46,1.1466010106183495,0.1251590012169743,0.12668318397082684,10.22,11.22,2.78,3.46,0.15554385832752168,0.40445614167247834,0.12445614167247833
0.25,1.0,mixed,0.2,50,0.28,2.46,1.1466010106183495,0.12552071360541522,0.12835298426798628,10.22,11.22,2.78,3.46,0.15554385832752168,0.40445614167247834,0.12445614167247833
0.5,1.0,mixed,0.2,50,0.28,2.46,1.1466010106183495,0.12642168375620183,0.13369673752802352,10.22,11.22,2.78,3.46,0.15554385832752168,0.40445614167247834,0.12445614167247833
1.0,1.0,mixed,0.2,50,0.28,2.46,1.1466010106183495,0.1290617712638397,0.15177522760237536,10.22,11.22,2.78,3.46,0.15554385832752168,0.40445614167247834,0.12445614167247833
2.0,1.0,mixed,0.2,50,0.28,2.46,1.1466010106183495,0.13526320894469332,0.19836407108888224,10.22,11.22,2.78,3.46,0.15554385832752168,0.40445614167247834,0.12445614167247833
5.0,1.0,mixed,0.2,50,0.28,2.46,1.1466010106183495,0.14277569828164074,0.25891014945283464,10.22,11.22,2.78,3.46,0.15554385832752168,0.40445614167247834,0.12445614167247833
10.0,1.0,mixed,0.2,50,0.28,2.46,1.1466010106183495,0.14332950008663012,0.26351273229365335,10.22,11.22,2.78,3.46,0.15554385832752168,0.40445614167247834,0.12445614167247833
0.1,1.0,mixed,0.3,50,0.28,2.52,1.182180620890126,0.15949362369731365,0.12110918786705839,11.38,11.94,3.78,5.34,0.15554385832752168,0.40445614167247834,0.12445614167247833
0.25,1.0,mixed,0.3,50,0.28,2.52,1.182180620890126,0.15871070675234797,0.12189151895975446,11.38,11.94,3.78,5.34,0.15554385832752168,0.40445614167247834,0.12445614167247833
0.5,1.0,mixed,0.3,50,0.28,2.52,1.182180620890126,0.15736069868477615,0.12536938217301138,11.38,11.94,3.78,5.34,0.15554385832752168,0.40445614167247834,0.12445614167247833
1.0,1.0,mixed,0.3,50,0.28,2.52,1.182180620890126,0.15468617637088392,0.13836118229412492,11.38,11.94,3.78,5.34,0.15554385832752168,0.40445614167247834,0.12445614167247833
2.0,1.0,mixed,0.3,50,0.28,2.52,1.182180620890126,0.1505252053706143,0.17416448984560795,11.38,11.94,3.78,5.34,0.15554385832752168,0.40445614167247834,0.12445614167247833
5.0,1.0,mixed,0.3,50,0.28,2.52,1.182180620890126,0.14690313143726463,0.22360500276005188,11.38,11.94,3.78,5.34,0.15554385832752168,0.40445614167247834,0.12445614167247833
10.0,1.0,mixed,0.3,50,0.28,2.52,1.182180620890126,0.1466682807428912,0.2274508382246065,11.38,11.94,3.78,5.34,0.15554385832752168,0.40445614167247834,0.12445614167247833
0.1,1.0,none,0.0,50,0.46,2.14,1.2937841980100115,0.35538732698245384,0.09156433093966013,17.98,0.0,0.0,0.0,0.3218512801362242,0.5981487198637758,0.1381487198637758
0.25,1.0,none,0.0,50,0.46,2.14,1.2937841980100115,0.49827549614662053,0.2232050009821603,17.98,0.0,0.0,0.0,0.3218512801362242,0.5981487198637758,0.1381487198637758
0.5,1.0,none,0.0,50,0.46,2.14,1.2937841980100115,0.6023627567110933,0.33036693999951533,17.98,0.0,0.0,0.0,0.3218512801362242,0.5981487198637758,0.1381487198637758
1.0,1.0,none,0.0,50,0.46,2.14,1.2937841980100115,0.6186689154847452,0.37763488149931523,17.98,0.0,0.0,0.0,0.3218512801362242,0.5981487198637758,0.1381487198637758
2.0,1.0,none,0.0,50,0.46,2.14,1.2937841980100115,0.5978748489913018,0.4085850613367236,17.98,0.0,0.0,0.0,0.3218512801362242,0.5981487198637758,0.1381487198637758
5.0,1.0,none,0.0,50,0.46,2.14,1.2937841980100115,0.5810039276377664,0.4314638060796248,17.98,0.0,0.0,0.0,0.3218512801362242,0.5981487198637758,0.1381487198637758
10.0,1.0,none,0.0,50,0.46,2.14,1.2937841980100115,0.5800068096803054,0.43282661476393375,17.98,0.0,0.0,0.0,0.3218512801362242,0.5981487198637758,0.1381487198637758
0.1,1.0,spurious,0.1,50,0.28,2.24,1.098421873528062,0.23756945379286665,0.13149036000247782,16.18,3.48,0.0,1.68,0.15554385832752168,0.40445614167247834,0.12445614167247833
0.25,1.0,spurious,0.1,50,0.28,2.24,1.098421873528062,0.2854728193410002,0.1937147124833319,16.18,3.48,0.0,1.68,0.15554385832752168,0.40445614167247834,0.12445614167247833
0.5,1.0,spurious,0.1,50,0.28,2.24,1.098421873528062,0.3252397057306135,0.2596417765165174,16.18,3.48,0.0,1.68,0.15554385832752168,0.40445614167247834,0.12445614167247833
1.0,1.0,spurious,0.1,50,0.28,2.24,1.098421873528062,0.33839630977748647,0.30778600395135663,16.18,3.48,0.0,1.68,0.15554385832752168,0.40445614167247834,0.12445614167247833
2.0,1.0,spurious,0.1,50,0.28,2.24,1.098421873528062,0.32847669713766914,0.34872510402352425,16.18,3.48,0.0,1.68,0.15554385832752168,0.40445614167247834,0.12445614167247833
5.0,1.0,spurious,0.1,50,0.28,2.24,1.098421873528062,0.31430109178448445,0.37685091431657475,16.18,3.48,0.0,1.68,0.15554385832752168,0.40445614167247834,0.12445614167247833
10.0,1.0,spurious,0.1,50,0.28,2.24,1.098421873528062,0.3133399409506857,0.37853742507357047,16.18,3.48,0.0,1.68,0.15554385832752168,0.40445614167247834,0.12445614167247833
0.1,1.0,spurious,0.2,50,0.36,2.2,1.1605769149479945,0.17381454729570645,0.1491898837407176,16.26,5.38,0.0,3.66,0.22695078805193922,0.49304921194806073,0.13304921194806074
0.25,1.0,spurious,0.2,50,0.36,2.2,1.1605769149479945,0.2063198694357056,0.1982243264390172,16.26,5.38,0.0,3.66,0.22695078805193922,0.49304921194806073,0.13304921194806074
0.5,1.0,spurious,0.2,50,0.36,2.2,1.1605769149479945,0.2391966763449914,0.25879372681527346,16.26,5.38,0.0,3.66,0.22695078805193922,0.49304921194806073,0.13304921194806074
1.0,1.0,spurious,0.2,50,0.36,2.2,1.1605769149479945,0.2592178262950515,0.3082375961291171,16.26,5.38,0.0,3.66,0.22695078805193922,0.49304921194806073,0.13304921194806074
2.0,1.0,spurious,0.2,50,0.36,2.2,1.1605769149479945,0.26443601492739494,0.3426902708521537,16.26,5.38,0.0,3.66,0.22695078805193922,0.49304921194806073,0.13304921194806074
5.0,1.0,spurious,0.2,50,0.36,2.2,1.1605769149479945,0.26646939340446285,0.3726729190315311,16.26,5.38,0.0,3.66,0.22695078805193922,0.49304921194806073,0.13304921194806074
10.0,1.0,spurious,0.2,50,0.36,2.2,1.1605769149479945,0.266665279850524,0.37493702835108517,16.26,5.38,0.0,3.66,0.22695078805193922,0.49304921194806073,0.13304921194806074
0.1,1.0,spurious,0.3,50,0.4,2.32,1.2525891552447412,0.1164153233728204,0.14243162355876457,15.2,7.66,0.0,4.88,0.2642072166866001,0.5357927833134,0.13579278331339995
0.25,1.0,spurious,0.3,50,0.4,2.32,1.2525891552447412,0.1320845099976916,0.17723434392707227,15.2,7.66,0.0,4.88,0.2642072166866001,0.5357927833134,0.13579278331339995
0.5,1.0,spurious,0.3,50,0.4,2.32,1.2525891552447412,0.1476931593182008,0.2168457650201324,15.2,7.66,0.0,4.88,0.2642072166866001,0.5357927833134,0.13579278331339995
1.0,1.0,spurious,0.3,50,0.4,2.32,1.2525891552447412,0.16045409515838557,0.25172219388829337,15.2,7.66,0.0,4.88,0.2642072166866001,0.5357927833134,0.13579278331339995
2.0,1.0,spurious,0.3,50,0.4,2.32,1.2525891552447412,0.17053470789642977,0.2844166555976709,15.2,7.66,0.0,4.88,0.2642072166866001,0.5357927833134,0.13579278331339995
5.0,1.0,spurious,0.3,50,0.4,2.32,1.2525891552447412,0.17634930291139805,0.3062515554981695,15.2,7.66,0.0,4.88,0.2642072166866001,0.5357927833134,0.13579278331339995
10.0,1.0,spurious,0.3,50,0.4,2.32,1.2525891552447412,0.1766645228186881,0.3075123882357668,15.2,7.66,0.0,4.88,0.2642072166866001,0.5357927833134,0.13579278331339995
